{"cameraMode":{"drawMode":0,"name":"Shaded","section":"Shading Mode"},"sceneLighting":true,"audioPlay":false,"sceneViewState":{"m_AlwaysRefresh":false,"showFog":true,"showSkybox":true,"showFlares":true,"showImageEffects":true,"showParticleSystems":true,"showVisualEffectGraphs":true,"m_FxEnabled":true},"in2DMode":false,"pivot":{"x":-40.97462463378906,"y":0.5909028053283691,"z":1.200944185256958},"rotation":{"x":0.330845445394516,"y":0.0016990144504234195,"z":-0.0005958693218417466,"w":0.9436838030815125},"size":4.772822380065918,"orthographic":false}